Parceiro,Grupos de usuários,dias,compradores,vendas_totais,comissao,cashback,receita_liquida,media_diaria_compradores,media_diaria_vendas,media_diaria_receita_liquida,ticket_medio,taxa_comissao,taxa_cashback,margem_liquida,receita_por_comprador
Parceiro B,Grupo 1,61,7990,4093818.0,450321.0,163751.0,286570.0,130.98360655737704,67111.77049180328,4697.868852459016,512.3677096370463,0.11000024915616669,0.03999957985430715,0.07000066930185954,35.866082603254064
Parceiro B,Grupo 2,61,5452,2863019.0,314935.0,171778.0,143157.0,89.37704918032787,46934.737704918036,2346.8360655737706,525.1318782098313,0.1100010164096012,0.05999890325561933,0.05000211315398186,26.257703595011005
Parceiro B,Grupo 3,61,5029,2629963.0,289290.0,236697.0,52593.0,82.44262295081967,43114.147540983606,862.1803278688525,522.9594352754027,0.10999774521542699,0.09000012547705044,0.01999761973837655,10.457943925233645
