Parceiro,Grupos de usuários,dias,compradores,vendas_totais,comissao,cashback,receita_liquida,media_diaria_compradores,media_diaria_vendas,media_diaria_receita_liquida,ticket_medio,taxa_comissao,taxa_cashback,margem_liquida,receita_por_comprador
Parceiro A,Grupo 1,92,9633,5605173.0,638135.0,233424.0,404711.0,104.70652173913044,60925.79347826087,4399.032608695652,581.8720024914356,0.11384751193228113,0.041644388139313454,0.07220312379296767,42.01297622755113
Parceiro A,Grupo 2,92,10814,6423096.0,728178.0,370659.0,357519.0,117.54347826086956,69816.26086956522,3886.0760869565215,593.96116145737,0.11336869322831233,0.057707217827664414,0.05566147540064791,33.06075457739967
Parceiro A,Grupo 3,92,11410,6785856.0,767887.0,503600.0,264287.0,124.02173913043478,73759.30434782608,2872.6847826086955,594.7288343558282,0.11315993148100992,0.074213186958285,0.03894674452272492,23.162751971954425
